8345356,GCTTTGCTACGATC
8345357,AAGTTAAAATTTTGCTGTACA
8345358,TTGCCGGTTTGTCA
8345359,GTTATGGGAAGGATTGATGA
8345360,TCCTTNACTTA
8345361,ATAAACGGTTATCGAAG
8345362,ATCACTGTCCTGGTGTTA
8345363,TTATTAGTGTTGAGGTGAGAAAAGAAATCA
8345364,ATTCCAAAGAAGCTACC
8345365,TATACCATTATGTGA
8345366,TGACCGTGTGGGTG
8345367,AGATTGATATTTTTTCAT
8345368,TGGCTGTCGGAA
8345369,TGCACCACCATCATTGT
8345370,AAGCCGCAGGCAAAACCAAA
8345371,AATGTCAATGGCATCTGCTCAC
8345372,ATAGCCGCCGTT
8345373,AAGCAAGCAACACTT
8345374,AGGCAGAAGAAGTTGTT
8345375,GCCAAGCCAAGACTCTCCTCCAG
8345376,TCTTAATTTTTCATGGG
8345377,TTTAATTTGTCGCG
8345378,AGATGCCAAGATTGTATAGTG
8345379,TGGGAGTAGAAAG
8345380,TTAGATTCGCCATTAC
8345381,GGACCGTCCACTT
8345382,GTGTAATCATATGTTCATTTCGCGTTGGCGTAATTCACCATCACTCTTT
8345383,TACAAGATACACAAAA
8345384,AGATATGAATCTAC
8345385,AAGTAATGATTATGTT
8345386,ACTTAGAATGGAG
8345387,AAAAGGAGATTAAAAAAAA
8345388,CTCCGTTTTGAGA
8345389,AAACGGGAGAGAGAAGCTGTGATTATC
8345390,TGTTTTTGTGTTACTTCATGCTC
8345391,TGATGTCTCCTTCAACAATCCTGTATTCTTTATTTTATATCATATA
8345392,TCCCAAAGGACTCTGT
8345393,AATCTAGGTTGTA
8345394,CAATTTCGTAGAAACAATAAT
8345395,ATCATCTGACACTGTCGGTGTTTTCT
8345396,CCAATAGTAACTTTATTATATTGCCTTTCAA
8345397,TACGAGGTTTTGTTCTTGTAGTG
8345398,TAAAGCAATTAACTAAT
8345399,TTACAAATACAAGAGAATTTAAGTGTCAATAATGAGTTTG
8345400,TAAAACAAAAAGATTGATTTTCTTTGAC
8345401,AGAAAGATGCATAAT
8345402,AAAATCGTCGACAA
8345403,GCAGCGTAATCTGCTGAGTTCTAAAGAAAAAATTGCAG
8345404,TCAAGAGGGTGCATAGCAG
8345405,CTCCAGAACGAGT
8345406,CACGGTTAGTTTCCGACGTTTTAAAA
8345407,CCGTACAATCTCAGT
8345408,TTGTTTCTCTCTGAAGAATCACCG
8345409,AAAAAAAAATAAGGCGGCTTGTGTGTGA
8345410,AATTATACTAATTTTT
8345411,CCCTTTTTTTTTTG
8345412,TTTATACATAATTG
8345413,GACTTTCAAGTTCCAAG
8345414,GCAAATAATTAAAATAGAATAA
8345415,TTTACCTCCATCTTTGT
8345416,ACAAGTGCTTATCAA
8345417,AATATATAGATTTTATTT
8345418,GGTATTTAGGTGA
8345419,AAGATGATAATATGTATTCTATC
8345420,AGAGTGAGTGGTAGGGAGGA
8345421,GCCGTCAAGTAA
8345422,TCTTGTCGTATCA
8345423,AGCAACAGAACGTTGT
8345424,GCTGTAAGTTTCC
8345425,ACACTTAACATGCT
8345426,TGTATCCACTTTCGTTGTTTTGGTAT
8345427,TATCATCTTATACTC
8345428,GTAAAATTTAATATT
8345429,CAACGTGTCTCGTGC
8345430,AGAACTCTGTTTG
8345431,GTGAAGTCTCCCGGCA
8345432,TAATCTCAAATCCTTCAAATGAATTAG
8345433,TTGACGTGTATT
8345434,CCGTAAATTAGCC
8345435,ATTGTAACCCGAC
8345436,TAATAGAGAACCTTCCTG
8345437,GGAAAGTAAGATTACTT
8345438,TGCAATTAATAGTAAATT
8345439,TTCCAAAGAAGCTACC
8345440,CGATTTCCAAATATTCAT
8345441,TAACATCGATCTGGTCCA
8345442,GTAGGCCCTAAA
8345443,CAGCGACGGAACTCA
8345444,AATTTCAATGGTTGTAGA
8345445,CTTGACTAATTTTCACGCGCC
8345446,GGGGCAGGGGCAGCGGGAGCGG
8345447,GCTGCGGCAGCACCTG
8345448,TTTACCGGCTTGTGT
8345449,ATACATATTAAAAAAAGAAATTATGAAT
8345450,TTAATCTCTCTCCCTAACTTCTCTTTCACC
8345451,TTACCCACCTCTATATA
8345452,TATTGAAATTGGGAGAGGAAGA
8345453,TAGATTCGCCATTAC
8345454,TCATTTCGCGTTGGCGTAATTCACCATCACTCTTT
8345455,GATGTCTCCTTCAACAATCC
8345456,GTATTCTTTATTTTATATCATATA
8345457,AATTTCGTAGAAACAATAAT
8345458,TAAAACAAAAAGATTGATTTTCTTTGA
8345459,AGTTCTAAAGAAAAAATTGCAG
8345460,GTACAATCTCAG
8345461,ATTATACTAATTTTT
8345462,GTGGTAGGGAGG
8345463,AGCAACAGAACGTTG
8345464,TCTCTGTACTTCCGG
8345465,TACTCTAACTGTGGG
8345466,TTAGAACATTAAAA
8345467,GCGGTGGAATGGCCCGGTATGGGCTTGTTGGC
8345468,CGAGGACTTATGGGAGGGA
8345469,GGTGAATCTGGTGG
8345470,CGCGGGCTAAGAG
8345471,GGTTTTACGTTGTTTCTTGG
8345472,TTCCAAAGATTGGAGAA
8345473,TGTGACATGAAAGAAAGA
8345474,AGCCGTTGGACTCGGCA
8345475,TATAAAATTCTTATGGT
8345476,TTATATCAAACGTATA
8345477,ATTTGTAAATGTGAGTG
8345478,AGCGACGGAACTCA
8345479,AATTTCAATGGTTGTAG
8345480,CTTGACTAATTTTCACG
8345481,AAAAAAGAAATTATGAA
8345482,TTACCCACCTCTATAT
8345483,ATTGAAATTGGGAGAGGAAGA
8345484,ATAAAATTCTTATGGT
8345485,GAATGGCCCGGTATGGGCTTGTTGG
8345486,GGTTTTACGTTGTTT
8345487,AAATACGAAAGTTTTAA
8345488,CAGCTAGCGAAATGTCAAC
8345489,TTTGCACTGTTTCGG
8345490,ATATTGAATGTATTA
8345491,TAATCCTATTTAACTTTTAGGT
8345492,GGTCATTTGATGAGGTAT
8345493,GTCTAAAACATGCCTC
8345494,TAGAAAATCATAGTTT
8345495,ATCACCATAGGATGATCATTAGC
8345496,CTATTCAGCGCATTATAGA
8345497,TTCACCCGTAGTATAA
8345498,GATAAGAATTCTCAAAG
8345499,TTAAAGTTTGTAGAGTTTG
8345500,AATAAAAATAGAATATATCATC
8345501,GGTTGGTAACAAATG
8345502,TAAGTGTCCTGGCAATTTT
8345503,GAAGCTGTAAATGCTAC
8345504,TATTCCCACTCTCT
8345505,TGACCCTTGAGGATTTTCA
8345506,GAGAGAGAGTTTTTTTCTCAGCA
8345507,TCCATTTATTTAAGAG
8345508,GTGAAACCCATTTTAACA
8345509,ATTTTCTTCTTGAGAGAATC
8345510,AAGAGTTGATTTCACTTCTCTCCGTTGAG
8345511,GACATCAACTTGTTTCT
8345512,GTCTCCGGTGATTAGGATCA
8345513,CGGAGGAAGAAGCCA
8345514,ATCAAGCGAATCGAGAA
8345515,AAAAGTAGTCGACAA
8345516,TTCTCCAAACGACG
8345517,GAAAGCTCGACAAC
8345518,ATATATATTTAGGTCGATTTTA
8345519,ACTCACACCATTAAAT
8345520,TATTTTGGTTGGTTCCTACCTCT
8345521,ATTAGTTTATGGC
8345522,ACTGGGTTCAGAAAAG
8345523,TTATCATAATTGGC
8345524,CAAAAATGGCGCG
8345525,TTATTGGAATCGCTAATGACCACGGTTAA
8345526,TAATAAATACTGATT
8345527,ATTGTAAGTTTCTCA
8345528,TATGATTGTACAAA
8345529,TTAGACTAAACTG
8345530,TAATACTGTACAGATCTCAGATCC
8345531,AGAATCAGATCTCGAGAATACCTGATTTT
8345532,TTTGTCCATTACTAT
8345533,CCAAATAAAACGGGTACATATACATT
8345534,GAGCTGCACTTCCCTCA
8345535,GAAATATTCTTTTGAAA
8345536,AAATGCTCAACTA
8345537,ATTTTGTGTCCAGGT
8345538,TTATTAATTTGATTATG
8345539,ATAATTATAACGG
8345540,GTCTTTTATAAAGTGG
8345541,TTATGTTTCTTTTAA
8345542,ATCACCATAGGATGATCATTA
8345543,CTATTCAGCGCATTA
8345544,TCACCCGTAGTATAA
8345545,GAAGCTGTAAATGCTA
8345546,TCCATTTATTTAAG
8345547,GAAACCCATTTTAA
8345548,TTCTTGAGAGAATC
8345549,AGAGTTGATTTCACTTCTCTCCGTTGA
8345550,ATCAAGCGAATCGAG
8345551,AATACTGTACAGATCTCAGATC
8345552,TCAGATCTCGAGAATACCTGATTTT
8345553,AAATAAAACGGGTACATATACAT
8345554,AGGCAAATGGATAATTTCTTTGAAAG
8345555,AAATAATGGGACTC
8345556,TAAAGTTACATTGGTTTTGG
8345557,CCTCTTTTTGAGATTTG
8345558,TGCGGTGATGTTCA
8345559,GATAATTTCTTTGAA
8345560,ATGAGTCTGGTGGAGTTGTTCATCGTTGCTCGTCG
8345561,CACTGGTTTTATTTTTACC
8345562,CCAACTCAAAAAGGTCA
8345563,CCTTTTGTCATAAGATATAATAAAA
8345564,GTTATCTCTTAACCAATGAATA
8345565,GTAGTTCTACTCTCTA
8345566,TTTTTTTTGTTTATTTATGTTC
8345567,TAATATCGATTTTTTAAAAT
8345568,TTGTGGAAATCTTCGTAT
8345569,CTACTACTATATTTTGC
8345570,CCTTTTGTCATAAGATATAATAAA
8345571,CTCTTAACCAATGAATA
8345572,AAGAAGACTATTACCTTGGCTTG
8345573,ACATCACATATGTCGG
8345574,TTCTCATAGGAAGTTCGTGGTAATGG
8345575,ATTAGTCATCTGCTACT
8345576,CTCAACGAATCGAGAA
8345577,ATTAGGCCGGTAAA
8345578,ATATGGATGGATCAT
8345579,CATTCCATATGTGAAAATA
8345580,AGCAAATTAAAGAACAAA
8345581,AACAATATTGCTCATTT
8345582,CTCATACTCATAAATTACT
8345583,ACCATTCGGTGT
8345584,ATGAGCACAAGTC
8345585,GTTCTTGATCGCTGAAG
8345586,CTAAAAGGCTCAGTT
8345587,TCACCAATAATAC
8345588,CCATTAGTATATTGTTT
8345589,TCGATGACTTCCTGGTTT
8345590,TATATCCTCATCATCACAAGT
8345591,ATAGTAATTCAATCCT
8345592,AGACGGAATTTTAT
8345593,TTTACATTTACATAATT
8345594,CGGAGATTTCATGT
8345595,TGAGCATCGGCCATT
8345596,TTCTCATAGGAAGTTCG
8345597,ATAGTAATTCAATCC